date,precipitation,wind,weather,max_temp,min_temp
2012/01/01,0.0,4.7,drizzle,55.0,41.0
2012/01/02,10.9,4.5,rain,51.1,37.0
2012/01/03,0.8,2.3,rain,53.1,45.0
2012/01/04,20.3,4.7,rain,54.0,42.1
2012/01/05,1.3,6.1,rain,48.0,37.0
2012/01/06,2.5,2.2,rain,39.9,36.0
2012/01/07,0.0,2.3,rain,45.0,37.0
2012/01/08,0.0,2.0,sun,50.0,37.0
2012/01/09,4.3,3.4,rain,48.9,41.0
2012/01/10,1.0,3.4,rain,43.0,33.1
2012/01/11,0.0,5.1,sun,43.0,30.0
2012/01/12,0.0,1.9,sun,43.0,28.9
2012/01/13,0.0,1.3,sun,41.0,27.0
2012/01/14,4.1,5.3,snow,39.9,33.1
2012/01/15,5.3,3.2,snow,34.0,26.1
2012/01/16,2.5,5.0,snow,35.1,27.0
2012/01/17,8.1,5.6,snow,37.9,32.0
2012/01/18,19.8,5.0,snow,32.0,27.0
2012/01/19,15.2,1.6,snow,30.0,27.0
2012/01/20,13.5,2.3,snow,45.0,30.0
2012/01/21,3.0,8.2,rain,46.9,37.9
2012/01/22,6.1,4.8,rain,44.1,36.0
2012/01/23,0.0,3.6,rain,46.9,34.0
2012/01/24,8.6,5.1,rain,50.0,36.0
2012/01/25,8.1,5.4,rain,48.0,39.9
2012/01/26,4.8,4.8,rain,48.0,34.0
2012/01/27,0.0,1.4,drizzle,44.1,28.0
2012/01/28,0.0,2.2,rain,44.1,33.1
2012/01/29,27.7,4.5,rain,48.9,39.0
2012/01/30,3.6,5.1,rain,46.9,43.0
2012/01/31,1.8,3.9,rain,48.9,43.0
2012/02/01,13.5,2.7,rain,48.0,37.9
2012/02/02,0.0,2.6,sun,46.9,35.1
2012/02/03,0.0,5.3,sun,57.9,36.0
2012/02/04,0.0,4.3,sun,60.1,41.0
2012/02/05,0.0,2.9,sun,57.0,35.1
2012/02/06,0.0,5.0,sun,61.0,35.1
2012/02/07,0.3,5.3,rain,60.1,46.0
2012/02/08,2.8,2.7,rain,50.0,41.0
2012/02/09,2.5,2.4,rain,52.0,46.0
2012/02/10,2.5,3.0,rain,55.0,44.1
2012/02/11,0.8,3.4,rain,48.0,42.1
2012/02/12,1.0,1.3,rain,46.9,41.0
2012/02/13,11.4,1.4,rain,45.0,39.9
2012/02/14,2.5,3.1,rain,44.1,34.0
2012/02/15,0.0,1.8,drizzle,45.0,33.1
2012/02/16,1.8,2.1,rain,45.0,37.9
2012/02/17,17.3,3.4,rain,50.0,39.9
2012/02/18,6.4,8.1,rain,44.1,39.0
2012/02/19,0.0,4.7,sun,44.1,36.0
2012/02/20,3.0,2.9,rain,46.0,35.1
2012/02/21,0.8,7.5,rain,50.0,46.0
2012/02/22,8.6,5.9,rain,50.0,37.0
2012/02/23,0.0,3.9,sun,46.9,37.0
2012/02/24,11.4,3.5,rain,44.1,39.9
2012/02/25,0.0,6.4,rain,45.0,37.0
2012/02/26,1.3,3.4,snow,41.0,30.0
2012/02/27,0.0,3.0,sun,44.1,28.0
2012/02/28,3.6,4.2,snow,44.1,30.9
2012/02/29,0.8,7.0,snow,41.0,34.0
2012/03/01,0.0,3.1,sun,43.0,34.0
2012/03/02,2.0,5.1,rain,44.1,39.0
2012/03/03,0.0,7.0,sun,54.0,44.1
2012/03/04,0.0,5.6,rain,51.1,44.1
2012/03/05,6.9,6.2,rain,46.0,34.0
2012/03/06,0.5,2.7,snow,44.1,32.0
2012/03/07,0.0,2.7,sun,48.0,28.9
2012/03/08,0.0,2.5,sun,60.1,33.1
2012/03/09,3.6,2.8,rain,48.9,41.0
2012/03/10,10.4,3.4,rain,45.0,43.0
2012/03/11,13.7,5.8,rain,44.1,37.0
2012/03/12,19.3,6.2,snow,46.9,33.1
2012/03/13,9.4,5.3,snow,42.1,33.1
2012/03/14,8.6,4.7,rain,46.0,34.0
2012/03/15,23.9,5.8,snow,52.0,42.1
2012/03/16,8.4,5.1,rain,48.0,39.0
2012/03/17,9.4,3.8,snow,50.0,33.1
2012/03/18,3.6,2.7,rain,41.0,30.9
2012/03/19,2.0,3.0,rain,45.0,30.0
2012/03/20,3.6,6.4,rain,46.0,36.0
2012/03/21,1.3,2.5,rain,48.0,34.0
2012/03/22,4.1,2.1,rain,50.0,35.1
2012/03/23,0.0,2.8,sun,54.0,33.1
2012/03/24,0.0,5.2,sun,59.0,37.9
2012/03/25,0.0,2.7,rain,55.9,36.0
2012/03/26,0.0,4.3,drizzle,55.0,43.0
2012/03/27,4.8,3.8,rain,57.9,44.1
2012/03/28,1.3,5.9,rain,51.1,45.0
2012/03/29,27.4,4.4,rain,50.0,43.0
2012/03/30,5.6,4.7,rain,48.9,41.0
2012/03/31,13.2,3.4,rain,50.0,37.0
2012/04/01,1.5,6.8,rain,48.0,39.9
2012/04/02,0.0,3.1,sun,62.1,39.9
2012/04/03,1.5,3.1,rain,53.1,37.9
2012/04/04,0.0,2.1,sun,51.1,37.0
2012/04/05,4.6,1.8,snow,48.9,37.0
2012/04/06,0.3,2.6,rain,52.0,37.9
2012/04/07,0.0,4.3,sun,61.0,35.1
2012/04/08,0.0,4.1,sun,70.0,45.0
2012/04/09,0.0,2.1,sun,68.0,43.0
2012/04/10,0.0,3.2,rain,64.0,48.0
2012/04/11,2.3,2.6,rain,52.0,45.0
2012/04/12,0.5,2.6,rain,57.0,42.1
2012/04/13,0.0,4.0,drizzle,59.0,39.0
2012/04/14,0.0,3.0,sun,60.1,37.9
2012/04/15,0.0,2.9,rain,61.0,45.0
2012/04/16,8.1,5.8,rain,55.9,44.1
2012/04/17,1.8,2.0,rain,50.0,39.9
2012/04/18,1.8,3.9,rain,55.9,45.0
2012/04/19,10.9,2.6,rain,57.0,41.0
2012/04/20,6.6,2.7,rain,55.9,44.1
2012/04/21,0.0,2.3,sun,68.0,39.9
2012/04/22,0.0,2.6,rain,73.9,46.9
2012/04/23,0.0,3.5,sun,71.1,48.0
2012/04/24,4.3,2.8,rain,57.0,50.0
2012/04/25,10.7,2.6,rain,62.1,48.0
2012/04/26,3.8,5.2,rain,57.0,44.1
2012/04/27,0.8,4.8,rain,55.9,43.0
2012/04/28,0.0,2.5,drizzle,61.0,46.9
2012/04/29,4.3,1.6,rain,60.1,48.0
2012/04/30,4.3,8.0,rain,55.0,45.0
2012/05/01,0.5,6.4,rain,53.1,43.0
2012/05/02,0.5,2.5,rain,55.9,42.1
2012/05/03,18.5,3.4,rain,52.0,45.0
2012/05/04,1.8,4.6,rain,54.0,43.0
2012/05/05,0.0,2.3,sun,55.9,41.0
2012/05/06,0.0,2.4,sun,64.0,41.0
2012/05/07,0.0,2.2,sun,75.0,43.0
2012/05/08,0.0,3.0,sun,64.9,48.9
2012/05/09,0.0,3.9,rain,55.9,44.1
2012/05/10,0.0,3.0,sun,57.9,39.0
2012/05/11,0.0,4.3,sun,64.9,39.9
2012/05/12,0.0,3.4,sun,75.9,44.1
2012/05/13,0.0,4.2,sun,78.1,48.9
2012/05/14,0.0,3.8,sun,80.1,55.0
2012/05/15,0.0,4.1,drizzle,75.9,48.9
2012/05/16,0.0,3.5,sun,66.9,48.9
2012/05/17,0.0,2.9,rain,64.0,44.1
2012/05/18,0.0,3.1,rain,60.1,46.0
2012/05/19,0.0,1.5,sun,66.9,45.0
2012/05/20,6.4,1.3,rain,57.9,53.1
2012/05/21,14.0,4.0,rain,62.1,50.0
2012/05/22,6.1,4.8,rain,55.0,48.0
2012/05/23,0.3,6.3,rain,57.9,48.0
2012/05/24,0.0,3.3,rain,63.0,48.0
2012/05/25,0.0,3.1,rain,72.0,48.0
2012/05/26,0.0,3.6,sun,72.0,48.0
2012/05/27,0.0,3.7,sun,63.0,53.1
2012/05/28,0.0,3.4,rain,62.1,50.0
2012/05/29,0.0,1.8,sun,61.0,46.0
2012/05/30,0.3,1.5,rain,66.0,52.0
2012/05/31,3.8,2.7,rain,64.0,54.0
2012/06/01,6.6,3.7,rain,68.0,55.0
2012/06/02,0.3,3.7,rain,66.0,51.1
2012/06/03,0.0,2.9,sun,63.0,48.9
2012/06/04,1.3,3.1,rain,55.0,48.0
2012/06/05,16.0,3.3,rain,55.9,46.9
2012/06/06,0.0,3.4,sun,61.0,43.0
2012/06/07,16.5,3.5,rain,61.0,48.0
2012/06/08,1.5,3.0,rain,59.0,46.9
2012/06/09,0.0,4.7,rain,63.0,46.9
2012/06/10,0.0,2.9,sun,66.0,50.0
2012/06/11,0.0,1.8,rain,73.9,50.0
2012/06/12,0.8,3.9,rain,64.9,55.0
2012/06/13,0.0,4.3,sun,61.0,52.0
2012/06/14,0.0,2.7,sun,63.0,50.0
2012/06/15,0.0,1.7,sun,72.0,48.9
2012/06/16,0.0,4.1,rain,70.0,59.0
2012/06/17,0.0,6.4,sun,66.0,53.1
2012/06/18,3.0,3.8,rain,63.0,50.0
2012/06/19,1.0,3.0,rain,66.9,50.0
2012/06/20,0.0,3.0,sun,75.9,50.0
2012/06/21,0.0,2.1,sun,75.0,53.1
2012/06/22,15.7,1.9,rain,57.0,53.1
2012/06/23,8.6,2.5,rain,60.1,48.9
2012/06/24,0.0,2.0,drizzle,66.9,48.9
2012/06/25,0.5,3.1,rain,66.9,52.0
2012/06/26,0.0,3.4,rain,64.9,51.1
2012/06/27,0.0,1.8,sun,73.0,48.0
2012/06/28,0.0,2.5,rain,72.0,53.1
2012/06/29,0.3,1.9,rain,71.1,59.0
2012/06/30,3.0,2.4,rain,68.0,55.9
2012/07/01,0.0,2.3,rain,68.0,54.0
2012/07/02,2.0,2.1,rain,66.0,53.1
2012/07/03,5.8,6.0,rain,64.9,51.1
2012/07/04,0.0,3.8,sun,69.1,48.9
2012/07/05,0.0,3.1,drizzle,75.9,51.1
2012/07/06,0.0,2.1,sun,77.0,52.0
2012/07/07,0.0,3.8,sun,80.1,55.0
2012/07/08,0.0,2.8,rain,82.9,57.9
2012/07/09,1.5,2.0,rain,77.0,55.0
2012/07/10,0.0,2.3,drizzle,75.0,52.0
2012/07/11,0.0,2.9,fog,82.0,55.9
2012/07/12,0.0,2.7,drizzle,78.1,55.9
2012/07/13,0.5,2.2,rain,73.9,57.0
2012/07/14,0.0,2.2,rain,77.0,59.0
2012/07/15,0.0,3.8,rain,66.0,55.9
2012/07/16,0.3,2.5,rain,79.0,55.9
2012/07/17,0.0,2.6,sun,71.1,59.0
2012/07/18,0.0,2.9,sun,70.0,57.9
2012/07/19,0.0,2.2,sun,77.0,57.9
2012/07/20,15.2,4.0,rain,66.9,57.0
2012/07/21,0.0,2.3,sun,75.0,57.0
2012/07/22,1.0,3.9,rain,69.1,54.0
2012/07/23,0.0,3.3,rain,66.0,52.0
2012/07/24,0.0,4.3,sun,73.9,54.0
2012/07/25,0.0,2.6,sun,80.1,55.0
2012/07/26,0.0,2.2,drizzle,78.1,55.0
2012/07/27,0.0,2.8,drizzle,66.0,57.0
2012/07/28,0.0,1.7,drizzle,72.0,55.9
2012/07/29,0.0,2.0,sun,73.0,59.0
2012/07/30,0.0,3.0,sun,66.9,55.9
2012/07/31,0.0,2.8,sun,73.0,57.0
2012/08/01,0.0,2.2,drizzle,75.0,55.9
2012/08/02,0.0,2.5,sun,73.9,54.0
2012/08/03,0.0,3.9,sun,81.0,55.0
2012/08/04,0.0,3.7,sun,93.0,62.1
2012/08/05,0.0,1.9,sun,93.0,64.0
2012/08/06,0.0,2.5,rain,82.9,60.1
2012/08/07,0.0,2.6,drizzle,70.0,59.0
2012/08/08,0.0,3.1,sun,72.0,59.0
2012/08/09,0.0,3.8,drizzle,75.9,57.9
2012/08/10,0.0,2.3,sun,78.1,54.0
2012/08/11,0.0,2.5,sun,82.9,55.9
2012/08/12,0.0,3.0,sun,87.1,59.0
2012/08/13,0.0,2.8,sun,87.1,59.0
2012/08/14,0.0,2.8,sun,84.0,57.0
2012/08/15,0.0,4.7,sun,88.0,62.1
2012/08/16,0.0,2.8,sun,93.9,64.9
2012/08/17,0.0,1.8,sun,91.0,61.0
2012/08/18,0.0,3.0,drizzle,71.1,57.9
2012/08/19,0.0,2.7,drizzle,73.9,59.0
2012/08/20,0.0,1.9,sun,78.1,59.0
2012/08/21,0.0,3.0,rain,73.9,55.9
2012/08/22,0.0,2.3,sun,72.0,55.9
2012/08/23,0.0,3.8,sun,70.0,57.0
2012/08/24,0.0,3.3,sun,72.0,50.0
2012/08/25,0.0,3.2,sun,79.0,53.1
2012/08/26,0.0,3.4,sun,70.0,54.0
2012/08/27,0.0,1.8,sun,75.0,55.9
2012/08/28,0.0,3.2,sun,73.0,54.0
2012/08/29,0.0,2.4,sun,73.0,55.9
2012/08/30,0.0,1.9,sun,73.0,55.0
2012/08/31,0.0,2.9,sun,72.0,51.1
2012/09/01,0.0,2.1,sun,71.1,51.1
2012/09/02,0.0,2.0,sun,70.0,50.0
2012/09/03,0.0,3.3,sun,73.0,55.0
2012/09/04,0.0,3.1,sun,75.9,52.0
2012/09/05,0.0,2.6,sun,79.0,53.1
2012/09/06,0.0,4.2,sun,82.9,57.9
2012/09/07,0.0,3.1,sun,90.0,55.9
2012/09/08,0.0,3.0,sun,77.0,55.9
2012/09/09,0.3,5.0,rain,66.0,57.0
2012/09/10,0.3,3.9,rain,68.0,53.1
2012/09/11,0.0,4.2,sun,68.0,48.0
2012/09/12,0.0,5.6,sun,72.0,50.0
2012/09/13,0.0,3.6,sun,82.0,53.1
2012/09/14,0.0,1.5,sun,79.0,52.0
2012/09/15,0.0,1.9,sun,72.0,52.0
2012/09/16,0.0,2.3,sun,75.9,48.9
2012/09/17,0.0,2.2,fog,82.0,53.1
2012/09/18,0.0,1.4,sun,82.0,53.1
2012/09/19,0.0,1.9,drizzle,75.0,53.1
2012/09/20,0.0,2.5,drizzle,66.9,50.0
2012/09/21,0.0,2.1,drizzle,61.0,55.0
2012/09/22,0.3,1.1,rain,66.9,53.1
2012/09/23,0.0,1.4,fog,66.9,50.0
2012/09/24,0.0,1.8,fog,70.0,50.0
2012/09/25,0.0,1.7,sun,66.9,52.0
2012/09/26,0.0,1.7,drizzle,66.9,48.9
2012/09/27,0.0,1.7,drizzle,73.0,50.0
2012/09/28,0.0,1.1,rain,77.0,54.0
2012/09/29,0.0,4.3,sun,69.1,54.0
2012/09/30,0.0,3.1,sun,70.0,46.0
2012/10/01,0.0,3.0,sun,73.9,48.0
2012/10/02,0.0,4.1,sun,64.0,50.0
2012/10/03,0.0,7.3,sun,66.0,46.0
2012/10/04,0.0,6.5,sun,66.0,46.9
2012/10/05,0.0,5.7,sun,71.1,48.0
2012/10/06,0.0,5.1,sun,75.0,46.0
2012/10/07,0.0,1.3,sun,75.0,46.0
2012/10/08,0.0,1.9,sun,70.0,46.0
2012/10/09,0.0,1.6,drizzle,61.0,48.0
2012/10/10,0.0,1.4,drizzle,54.0,46.9
2012/10/11,0.0,1.3,drizzle,57.0,45.0
2012/10/12,2.0,4.6,rain,57.0,48.0
2012/10/13,4.8,3.9,rain,60.1,54.0
2012/10/14,16.5,3.4,rain,64.0,55.9
2012/10/15,7.9,4.6,rain,63.0,52.0
2012/10/16,0.0,5.5,sun,61.0,46.9
2012/10/17,0.0,1.6,sun,57.9,43.0
2012/10/18,20.8,2.0,rain,64.0,44.1
2012/10/19,4.8,5.3,rain,59.0,48.9
2012/10/20,0.5,5.7,rain,52.0,43.0
2012/10/21,6.4,2.7,rain,53.1,39.9
2012/10/22,8.9,2.6,rain,46.0,37.9
2012/10/23,0.0,3.0,rain,52.0,42.1
2012/10/24,7.1,2.1,rain,53.1,43.0
2012/10/25,0.0,1.5,sun,53.1,44.1
2012/10/26,1.5,2.5,rain,52.0,45.0
2012/10/27,23.1,5.1,rain,57.9,48.9
2012/10/28,6.1,3.8,rain,57.9,50.0
2012/10/29,10.9,4.9,rain,60.1,50.0
2012/10/30,34.5,2.8,rain,59.0,54.0
2012/10/31,14.5,2.7,rain,60.1,52.0
2012/11/01,9.7,3.0,rain,59.0,51.1
2012/11/02,5.6,1.0,rain,59.0,51.1
2012/11/03,0.5,3.6,rain,60.1,52.0
2012/11/04,8.1,3.8,rain,64.0,55.0
2012/11/05,0.8,4.0,rain,59.0,46.0
2012/11/06,0.3,3.5,rain,55.0,44.1
2012/11/07,0.0,3.4,rain,54.0,39.0
2012/11/08,0.0,3.4,rain,50.0,34.0
2012/11/09,0.0,2.0,rain,48.0,34.0
2012/11/10,0.0,2.2,sun,46.0,30.9
2012/11/11,15.2,3.0,rain,48.0,34.0
2012/11/12,3.6,3.0,rain,55.0,43.0
2012/11/13,5.3,2.5,rain,52.0,46.0
2012/11/14,0.8,2.6,rain,52.0,41.0
2012/11/15,0.0,2.4,drizzle,48.9,37.0
2012/11/16,5.6,1.6,rain,48.9,36.0
2012/11/17,6.1,5.3,rain,54.0,43.0
2012/11/18,7.9,4.9,rain,50.0,43.0
2012/11/19,54.1,6.0,rain,55.9,46.9
2012/11/20,3.8,4.2,rain,52.0,45.0
2012/11/21,11.2,5.5,rain,46.9,39.0
2012/11/22,0.0,1.5,rain,48.0,37.0
2012/11/23,32.0,2.4,rain,48.9,43.0
2012/11/24,0.0,1.2,rain,48.0,39.0
2012/11/25,0.0,3.6,drizzle,46.9,34.0
2012/11/26,0.0,3.8,fog,48.9,35.1
2012/11/27,0.0,1.5,sun,50.0,35.1
2012/11/28,2.8,2.9,rain,48.9,36.0
2012/11/29,1.5,4.2,rain,55.0,46.0
2012/11/30,35.6,4.6,rain,59.0,46.0
2012/12/01,4.1,5.5,rain,55.9,46.9
2012/12/02,19.6,6.2,rain,46.9,45.0
2012/12/03,13.0,4.4,rain,48.9,45.0
2012/12/04,14.2,6.2,rain,53.1,45.0
2012/12/05,1.5,5.0,rain,48.0,39.9
2012/12/06,1.5,5.1,rain,45.0,43.0
2012/12/07,1.0,4.6,rain,46.0,37.9
2012/12/08,0.0,2.0,sun,44.1,37.9
2012/12/09,1.5,2.1,rain,44.1,37.0
2012/12/10,0.5,1.8,rain,45.0,42.1
2012/12/11,3.0,4.5,rain,46.0,42.1
2012/12/12,8.1,2.0,rain,44.1,39.9
2012/12/13,2.3,2.8,rain,45.0,37.9
2012/12/14,7.9,1.7,rain,43.0,34.0
2012/12/15,5.3,5.1,snow,39.9,33.1
2012/12/16,22.6,5.5,snow,44.1,37.9
2012/12/17,2.0,9.5,rain,46.9,35.1
2012/12/18,3.3,5.3,snow,39.0,33.1
2012/12/19,13.7,5.8,snow,46.9,35.1
2012/12/20,13.2,3.7,rain,45.0,33.1
2012/12/21,1.8,1.7,rain,46.9,28.9
2012/12/22,3.3,3.5,rain,46.9,39.0
2012/12/23,6.6,2.5,rain,45.0,37.9
2012/12/24,0.3,2.8,rain,42.1,37.0
2012/12/25,13.5,4.2,snow,42.1,37.0
2012/12/26,4.6,4.9,rain,44.1,37.9
2012/12/27,4.1,3.2,rain,46.0,37.9
2012/12/28,0.0,1.7,rain,46.9,39.0
2012/12/29,1.5,1.7,rain,41.0,37.9
2012/12/30,0.0,1.8,drizzle,39.9,32.0
2012/12/31,0.0,2.0,drizzle,37.9,30.0
2013/01/01,0.0,2.7,sun,41.0,27.0
2013/01/02,0.0,3.2,sun,43.0,30.0
2013/01/03,4.1,3.0,rain,44.1,28.9
2013/01/04,2.5,2.8,rain,50.0,36.0
2013/01/05,3.0,3.1,rain,44.1,39.9
2013/01/06,2.0,3.0,rain,45.0,37.0
2013/01/07,2.3,7.3,rain,50.0,39.9
2013/01/08,16.3,6.3,rain,53.1,42.1
2013/01/09,38.4,5.1,rain,50.0,35.1
2013/01/10,0.3,2.1,snow,37.9,30.9
2013/01/11,0.0,1.9,drizzle,37.0,27.0
2013/01/12,0.0,2.0,sun,37.0,25.0
2013/01/13,0.0,1.5,sun,36.0,24.1
2013/01/14,0.0,1.3,sun,37.9,28.0
2013/01/15,0.0,2.3,sun,44.1,30.9
2013/01/16,0.0,1.8,drizzle,43.0,25.0
2013/01/17,0.0,1.0,drizzle,39.0,27.0
2013/01/18,0.0,1.3,drizzle,37.9,30.0
2013/01/19,0.0,1.9,drizzle,34.0,30.9
2013/01/20,0.0,2.1,drizzle,37.9,30.9
2013/01/21,0.0,1.1,drizzle,36.0,28.9
2013/01/22,0.0,0.6,drizzle,37.9,28.9
2013/01/23,5.1,3.1,rain,45.0,36.0
2013/01/24,5.8,2.6,rain,45.0,34.0
2013/01/25,3.0,2.1,rain,51.1,37.0
2013/01/26,2.3,4.5,rain,46.9,39.0
2013/01/27,1.8,4.5,rain,42.1,39.0
2013/01/28,7.9,3.2,rain,43.0,37.9
2013/01/29,4.3,3.9,rain,46.9,41.0
2013/01/30,3.6,3.9,rain,48.0,44.1
2013/01/31,3.0,4.0,rain,48.9,45.0
2013/02/01,0.3,2.9,rain,53.1,41.0
2013/02/02,0.0,2.0,drizzle,43.0,37.0
2013/02/03,2.3,2.9,rain,48.0,37.0
2013/02/04,0.0,2.6,rain,51.1,44.1
2013/02/05,3.3,5.1,rain,50.0,44.1
2013/02/06,1.0,4.5,rain,51.1,43.0
2013/02/07,1.3,4.1,rain,48.9,37.9
2013/02/08,0.0,1.3,sun,46.0,36.0
2013/02/09,0.3,1.3,rain,46.9,39.9
2013/02/10,0.0,2.0,drizzle,48.0,35.1
2013/02/11,0.3,1.4,rain,46.9,39.9
2013/02/12,1.0,5.6,rain,52.0,45.0
2013/02/13,2.3,4.1,rain,48.9,45.0
2013/02/14,1.0,2.2,rain,48.9,42.1
2013/02/15,0.0,2.4,drizzle,55.9,41.0
2013/02/16,0.0,5.6,rain,52.0,39.0
2013/02/17,0.0,3.4,rain,48.9,39.9
2013/02/18,0.0,1.9,rain,46.0,39.0
2013/02/19,0.0,3.4,sun,51.1,35.1
2013/02/20,1.5,2.1,rain,46.0,34.0
2013/02/21,0.5,6.2,rain,44.1,39.0
2013/02/22,9.4,8.1,rain,46.0,39.0
2013/02/23,0.3,4.6,rain,50.0,39.0
2013/02/24,0.0,5.5,rain,48.0,41.0
2013/02/25,2.3,7.1,rain,51.1,37.9
2013/02/26,0.5,3.8,rain,48.0,39.0
2013/02/27,4.6,1.8,rain,50.0,39.9
2013/02/28,8.1,3.8,rain,53.1,44.1
2013/03/01,4.1,5.4,rain,59.0,52.0
2013/03/02,0.8,4.5,rain,57.0,41.0
2013/03/03,0.0,2.8,sun,52.0,36.0
2013/03/04,0.0,3.9,sun,55.9,32.0
2013/03/05,0.0,2.4,rain,48.9,43.0
2013/03/06,11.9,4.1,rain,45.0,41.0
2013/03/07,7.4,2.5,rain,54.0,41.0
2013/03/08,0.0,2.6,drizzle,53.1,36.0
2013/03/09,0.0,1.3,fog,55.0,34.0
2013/03/10,0.8,1.6,rain,46.0,39.0
2013/03/11,1.3,1.1,rain,51.1,43.0
2013/03/12,2.0,5.7,rain,55.0,50.0
2013/03/13,2.3,3.7,rain,53.1,48.9
2013/03/14,2.8,3.0,rain,53.1,48.9
2013/03/15,0.0,4.3,rain,57.9,48.0
2013/03/16,4.3,6.4,rain,51.1,39.9
2013/03/17,0.0,6.1,sun,48.0,39.0
2013/03/18,0.0,5.9,rain,53.1,39.0
2013/03/19,11.7,3.4,rain,55.0,35.1
2013/03/20,9.9,7.6,rain,52.0,39.9
2013/03/21,8.1,4.9,snow,50.0,36.0
2013/03/22,0.0,2.2,sun,48.9,33.1
2013/03/23,0.0,2.6,sun,50.0,34.0
2013/03/24,0.0,2.1,sun,54.0,33.1
2013/03/25,0.0,2.8,sun,62.1,39.9
2013/03/26,0.0,1.7,sun,62.1,43.0
2013/03/27,0.3,1.6,rain,55.9,45.0
2013/03/28,2.0,1.3,rain,61.0,46.9
2013/03/29,0.0,2.5,rain,64.9,46.0
2013/03/30,0.0,4.4,drizzle,68.0,42.1
2013/03/31,0.0,2.9,sun,69.1,44.1
2013/04/01,0.0,3.6,sun,63.0,46.9
2013/04/02,0.0,2.2,sun,57.0,48.0
2013/04/03,0.0,1.6,sun,62.1,46.0
2013/04/04,8.4,3.0,fog,57.9,50.0
2013/04/05,18.5,5.6,fog,57.0,50.0
2013/04/06,12.7,5.0,fog,54.0,45.0
2013/04/07,39.1,3.9,fog,46.9,41.0
2013/04/08,0.8,3.1,fog,55.9,43.0
2013/04/09,0.0,2.4,sun,54.0,43.0
2013/04/10,9.4,6.4,sun,59.0,48.0
2013/04/11,1.5,3.8,fog,54.0,44.1
2013/04/12,9.7,4.6,fog,46.0,39.9
2013/04/13,9.4,5.7,fog,51.1,37.9
2013/04/14,5.8,2.3,fog,55.0,39.9
2013/04/15,0.0,2.4,fog,57.0,39.9
2013/04/16,0.3,2.6,sun,57.0,37.9
2013/04/17,0.0,3.3,drizzle,59.0,39.0
2013/04/18,5.3,4.0,fog,53.1,44.1
2013/04/19,20.6,4.9,fog,55.9,48.9
2013/04/20,0.0,5.8,sun,57.0,46.9
2013/04/21,3.3,4.1,sun,54.0,44.1
2013/04/22,0.0,4.3,sun,61.0,41.0
2013/04/23,0.0,2.8,sun,64.0,39.0
2013/04/24,0.0,3.0,sun,70.0,43.0
2013/04/25,0.0,1.1,sun,71.1,44.1
2013/04/26,0.0,2.2,fog,69.1,46.9
2013/04/27,0.0,5.9,sun,57.0,51.1
2013/04/28,1.0,5.2,drizzle,59.0,48.9
2013/04/29,3.8,4.2,fog,57.0,44.1
2013/04/30,0.0,2.4,sun,55.0,39.9
2013/05/01,0.0,3.1,sun,64.9,37.9
2013/05/02,0.0,4.0,sun,69.1,44.1
2013/05/03,0.0,4.9,sun,71.1,48.9
2013/05/04,0.0,6.5,sun,77.0,52.0
2013/05/05,0.0,5.3,sun,84.0,53.1
2013/05/06,0.0,2.0,sun,87.1,54.0
2013/05/07,0.0,3.3,sun,69.1,52.0
2013/05/08,0.0,1.9,sun,66.9,52.0
2013/05/09,0.0,1.3,sun,73.0,50.0
2013/05/10,0.0,1.0,sun,79.0,48.9
2013/05/11,0.0,2.6,sun,81.0,54.0
2013/05/12,6.6,3.9,fog,71.1,57.0
2013/05/13,3.3,5.0,sun,66.0,48.9
2013/05/14,0.0,2.4,sun,64.9,46.0
2013/05/15,1.0,2.3,fog,63.0,48.0
2013/05/16,0.0,2.7,fog,71.1,54.0
2013/05/17,0.5,3.7,sun,63.0,53.1
2013/05/18,0.0,2.9,sun,62.1,52.0
2013/05/19,0.0,2.3,sun,64.9,51.1
2013/05/20,0.0,1.8,sun,66.9,48.9
2013/05/21,13.7,4.8,fog,60.1,46.9
2013/05/22,13.7,3.0,fog,52.0,45.0
2013/05/23,4.1,1.9,fog,54.0,44.1
2013/05/24,0.3,2.7,sun,62.1,48.0
2013/05/25,0.0,2.7,sun,64.0,50.0
2013/05/26,1.5,2.2,fog,64.9,51.1
2013/05/27,9.7,3.1,fog,62.1,52.0
2013/05/28,0.5,2.8,fog,63.0,53.1
2013/05/29,5.6,4.0,fog,61.0,48.9
2013/05/30,0.0,5.3,sun,62.1,48.9
2013/05/31,0.0,2.5,sun,66.9,52.0
2013/06/01,0.0,2.5,sun,73.0,54.0
2013/06/02,1.0,3.1,sun,69.1,54.0
2013/06/03,0.0,2.9,sun,72.0,52.0
2013/06/04,0.0,3.4,sun,79.0,54.0
2013/06/05,0.0,3.1,sun,80.1,57.9
2013/06/06,0.0,2.5,sun,80.1,54.0
2013/06/07,0.0,3.2,sun,71.1,55.9
2013/06/08,0.0,3.1,sun,69.1,55.0
2013/06/09,0.0,3.7,sun,69.1,52.0
2013/06/10,0.0,3.2,sun,71.1,53.1
2013/06/11,0.0,5.7,sun,68.0,50.0
2013/06/12,0.3,4.2,sun,69.1,53.1
2013/06/13,0.0,2.6,sun,70.0,53.1
2013/06/14,0.0,3.7,sun,68.0,54.0
2013/06/15,0.0,2.9,sun,78.1,50.0
2013/06/16,0.0,3.4,sun,75.0,55.0
2013/06/17,0.0,3.0,sun,78.1,57.0
2013/06/18,0.3,3.4,fog,73.9,55.9
2013/06/19,0.0,3.7,sun,68.0,55.0
2013/06/20,3.0,5.0,sun,63.0,55.0
2013/06/21,0.3,1.5,sun,69.1,54.0
2013/06/22,0.0,1.7,sun,78.1,53.1
2013/06/23,7.9,2.1,fog,72.0,59.0
2013/06/24,4.8,3.7,fog,70.0,57.0
2013/06/25,9.9,2.8,sun,73.9,57.9
2013/06/26,2.0,2.3,fog,72.0,59.0
2013/06/27,3.6,1.3,fog,70.0,62.1
2013/06/28,0.0,2.2,sun,87.1,61.0
2013/06/29,0.0,1.7,sun,86.0,64.9
2013/06/30,0.0,2.5,sun,93.0,63.0
2013/07/01,0.0,2.3,sun,89.1,64.9
2013/07/02,0.0,3.0,sun,82.9,60.1
2013/07/03,0.0,3.2,sun,79.0,62.1
2013/07/04,0.0,2.2,fog,71.1,57.0
2013/07/05,0.0,2.6,sun,73.9,57.0
2013/07/06,0.0,2.2,sun,79.0,55.9
2013/07/07,0.0,2.9,sun,75.0,57.0
2013/07/08,0.0,2.8,sun,80.1,55.9
2013/07/09,0.0,2.5,sun,86.0,59.0
2013/07/10,0.0,2.6,sun,72.0,57.0
2013/07/11,0.0,3.0,sun,73.0,54.0
2013/07/12,0.0,2.2,sun,66.9,55.9
2013/07/13,0.0,3.1,sun,79.0,52.0
2013/07/14,0.0,3.0,sun,82.0,55.0
2013/07/15,0.0,4.6,sun,82.0,57.9
2013/07/16,0.0,4.1,sun,88.0,64.9
2013/07/17,0.0,3.7,rain,72.0,59.0
2013/07/18,0.0,2.0,sun,79.0,57.0
2013/07/19,0.0,1.9,sun,82.0,55.9
2013/07/20,0.0,2.0,sun,77.0,55.9
2013/07/21,0.0,2.3,sun,75.0,55.0
2013/07/22,0.0,2.4,fog,79.0,55.9
2013/07/23,0.0,3.0,sun,88.0,57.0
2013/07/24,0.0,2.5,sun,88.0,57.9
2013/07/25,0.0,2.3,sun,88.0,55.0
2013/07/26,0.0,2.9,sun,88.0,57.9
2013/07/27,0.0,2.6,sun,78.1,55.0
2013/07/28,0.0,3.4,fog,70.0,54.0
2013/07/29,0.0,1.4,sun,77.0,55.9
2013/07/30,0.0,2.8,sun,77.0,55.9
2013/07/31,0.0,1.8,sun,71.1,55.9
2013/08/01,0.0,3.9,sun,69.1,55.9
2013/08/02,2.0,2.0,sun,63.0,59.0
2013/08/03,0.0,2.4,fog,77.0,60.1
2013/08/04,0.0,3.4,sun,84.0,59.0
2013/08/05,0.0,2.1,sun,86.0,59.0
2013/08/06,0.0,1.4,sun,87.1,57.0
2013/08/07,0.0,1.9,sun,88.0,57.0
2013/08/08,0.0,2.5,sun,82.9,57.9
2013/08/09,0.0,2.1,rain,82.9,57.9
2013/08/10,2.3,2.9,sun,78.1,59.0
2013/08/11,0.0,2.9,sun,77.0,57.9
2013/08/12,0.0,1.9,sun,78.1,61.0
2013/08/13,0.0,1.8,sun,82.0,59.0
2013/08/14,0.8,2.0,sun,81.0,59.0
2013/08/15,1.8,1.0,sun,70.0,63.0
2013/08/16,0.0,2.2,fog,84.0,61.0
2013/08/17,0.0,3.0,sun,78.1,63.0
2013/08/18,0.0,3.1,sun,79.0,60.1
2013/08/19,0.0,3.0,sun,80.1,60.1
2013/08/20,0.0,4.6,sun,78.1,61.0
2013/08/21,0.0,4.3,sun,82.0,59.0
2013/08/22,0.0,1.9,sun,84.0,59.0
2013/08/23,0.0,4.1,sun,77.0,61.0
2013/08/24,0.0,2.7,sun,77.0,62.1
2013/08/25,0.3,2.6,sun,72.0,61.0
2013/08/26,1.0,1.9,sun,75.9,61.0
2013/08/27,1.3,1.4,sun,80.1,63.0
2013/08/28,5.6,1.3,fog,80.1,60.1
2013/08/29,19.3,3.0,sun,75.0,64.9
2013/08/30,0.0,2.9,sun,79.0,61.0
2013/08/31,0.0,2.6,sun,82.0,57.0
2013/09/01,0.0,2.5,sun,82.0,60.1
2013/09/02,0.0,2.1,sun,82.0,63.0
2013/09/03,2.3,1.7,fog,77.0,62.1
2013/09/04,0.3,2.4,fog,73.0,61.0
2013/09/05,27.7,2.5,sun,68.0,60.1
2013/09/06,21.3,2.6,fog,71.1,61.0
2013/09/07,0.0,2.0,sun,73.9,63.0
2013/09/08,0.0,1.5,fog,80.1,57.9
2013/09/09,0.0,2.1,sun,79.0,57.0
2013/09/10,0.0,3.7,sun,80.1,59.0
2013/09/11,0.0,2.4,sun,93.0,61.0
2013/09/12,0.0,1.7,sun,78.1,59.0
2013/09/13,0.0,2.0,sun,66.0,60.1
2013/09/14,0.0,1.4,fog,71.1,60.1
2013/09/15,3.3,2.2,sun,66.0,57.9
2013/09/16,0.3,4.3,fog,71.1,59.0
2013/09/17,0.0,2.3,sun,64.0,57.0
2013/09/18,0.0,2.5,sun,70.0,55.9
2013/09/19,0.0,1.5,sun,78.1,50.0
2013/09/20,3.6,3.0,fog,73.9,55.9
2013/09/21,0.0,2.5,sun,70.0,55.9
2013/09/22,13.5,5.5,fog,63.0,55.9
2013/09/23,2.8,4.5,fog,61.0,52.0
2013/09/24,0.0,2.6,sun,64.0,50.0
2013/09/25,2.0,3.0,fog,61.0,48.9
2013/09/26,0.0,2.2,sun,63.0,45.0
2013/09/27,1.0,4.3,fog,57.0,51.1
2013/09/28,43.4,6.0,fog,62.1,53.1
2013/09/29,16.8,7.1,sun,57.9,52.0
2013/09/30,18.5,6.3,fog,57.0,50.0
2013/10/01,7.9,4.7,fog,57.9,48.0
2013/10/02,5.3,2.4,fog,55.0,48.9
2013/10/03,0.8,0.9,fog,57.9,48.0
2013/10/04,0.0,1.1,sun,64.0,42.1
2013/10/05,0.0,1.6,sun,68.0,46.9
2013/10/06,4.1,2.6,fog,73.0,46.0
2013/10/07,0.5,6.3,fog,61.0,53.1
2013/10/08,6.9,3.0,rain,57.0,46.0
2013/10/09,0.0,1.6,sun,59.0,42.1
2013/10/10,1.0,1.7,fog,57.9,46.9
2013/10/11,9.1,1.0,sun,57.0,51.1
2013/10/12,1.0,2.2,fog,57.9,48.0
2013/10/13,0.0,1.8,fog,59.0,44.1
2013/10/14,0.0,1.6,sun,60.1,39.0
2013/10/15,0.0,0.9,sun,60.1,41.0
2013/10/16,0.0,2.7,fog,55.0,48.0
2013/10/17,0.0,1.7,fog,57.9,48.0
2013/10/18,0.0,1.2,sun,55.0,45.0
2013/10/19,0.0,1.4,sun,51.1,46.0
2013/10/20,0.0,2.4,sun,51.1,46.0
2013/10/21,0.0,2.5,sun,53.1,46.9
2013/10/22,0.0,1.9,sun,57.9,45.0
2013/10/23,0.0,0.4,sun,55.0,43.0
2013/10/24,0.0,0.6,sun,50.0,43.0
2013/10/25,0.0,1.8,sun,54.0,46.0
2013/10/26,0.0,2.7,sun,53.1,46.9
2013/10/27,1.8,4.4,fog,57.0,46.9
2013/10/28,0.0,5.1,sun,57.9,45.0
2013/10/29,0.0,2.2,sun,55.9,37.9
2013/10/30,0.5,3.9,sun,59.0,42.1
2013/10/31,0.3,2.2,fog,57.9,51.1
2013/11/01,1.3,1.4,sun,64.0,53.1
2013/11/02,12.7,7.9,fog,57.9,46.9
2013/11/03,0.5,2.4,sun,54.0,39.9
2013/11/04,0.0,1.6,drizzle,51.1,39.0
2013/11/05,2.5,3.1,fog,55.9,45.0
2013/11/06,3.8,1.7,sun,55.0,46.0
2013/11/07,30.0,7.2,fog,52.0,50.0
2013/11/08,0.0,4.1,sun,55.9,45.0
2013/11/09,1.8,1.4,sun,52.0,41.0
2013/11/10,0.0,4.4,sun,52.0,46.9
2013/11/11,0.0,2.6,fog,61.0,43.0
2013/11/12,4.1,2.2,fog,60.1,48.0
2013/11/13,0.0,3.8,sun,57.0,51.1
2013/11/14,1.3,1.1,fog,52.0,43.0
2013/11/15,3.0,6.0,sun,51.1,45.0
2013/11/16,0.0,4.6,sun,50.0,41.0
2013/11/17,5.3,5.4,fog,53.1,45.0
2013/11/18,26.2,3.9,fog,55.0,48.9
2013/11/19,1.0,5.1,fog,55.9,39.9
2013/11/20,0.0,4.3,sun,46.0,35.1
2013/11/21,0.0,3.6,sun,46.0,31.1
2013/11/22,0.0,4.6,sun,48.9,32.0
2013/11/23,0.0,2.6,sun,52.0,34.0
2013/11/24,0.0,0.9,fog,53.1,33.1
2013/11/25,0.0,0.5,sun,54.0,36.0
2013/11/26,0.0,1.0,sun,54.0,37.0
2013/11/27,0.0,1.3,sun,57.9,42.1
2013/11/28,0.0,0.7,sun,53.1,37.9
2013/11/29,0.5,2.1,fog,48.9,41.0
2013/11/30,2.3,3.9,fog,52.0,45.0
2013/12/01,3.0,8.8,fog,55.9,46.0
2013/12/02,4.6,3.5,sun,46.0,35.1
2013/12/03,0.0,5.6,sun,41.0,31.1
2013/12/04,0.0,1.6,sun,39.9,28.2
2013/12/05,0.0,2.6,sun,34.0,23.2
2013/12/06,0.0,4.7,sun,34.0,24.3
2013/12/07,0.0,3.1,sun,32.0,19.2
2013/12/08,0.0,2.2,sun,36.0,20.1
2013/12/09,0.0,1.3,sun,34.0,23.2
2013/12/10,0.0,1.5,sun,42.1,33.1
2013/12/11,0.0,0.8,sun,41.0,29.1
2013/12/12,6.9,2.3,sun,42.1,31.1
2013/12/13,0.5,2.9,fog,48.9,42.1
2013/12/14,0.0,3.7,sun,48.9,43.0
2013/12/15,1.3,3.9,fog,53.1,46.9
2013/12/16,0.3,1.0,sun,50.0,39.9
2013/12/17,0.0,2.7,sun,46.9,39.9
2013/12/18,1.3,2.8,fog,46.0,36.0
2013/12/19,0.0,2.1,sun,41.0,32.0
2013/12/20,5.6,3.7,fog,46.9,33.1
2013/12/21,5.6,2.3,fog,48.0,42.1
2013/12/22,10.7,4.0,fog,51.1,46.9
2013/12/23,1.5,5.9,fog,53.1,43.0
2013/12/24,0.0,1.7,sun,46.9,37.0
2013/12/25,0.0,0.8,sun,44.1,35.1
2013/12/26,0.0,0.5,sun,44.1,33.1
2013/12/27,0.3,2.1,fog,48.0,32.0
2013/12/28,0.0,1.3,sun,48.9,37.9
2013/12/29,0.0,1.1,sun,45.0,35.1
2013/12/30,0.3,2.6,sun,48.0,39.9
2013/12/31,0.5,1.7,sun,46.9,41.0
2014/01/01,0.0,1.2,sun,45.0,37.9
2014/01/02,4.1,3.2,sun,51.1,43.0
2014/01/03,1.5,2.6,fog,48.0,37.0
2014/01/04,0.0,2.7,fog,46.0,33.1
2014/01/05,0.0,3.7,sun,46.9,31.1
2014/01/06,0.3,2.6,fog,46.0,31.1
2014/01/07,12.2,1.6,sun,46.9,41.0
2014/01/08,9.7,4.6,fog,50.0,45.0
2014/01/09,5.8,6.3,fog,48.9,42.1
2014/01/10,4.3,7.0,sun,55.0,46.9
2014/01/11,21.3,8.8,fog,57.9,45.0
2014/01/12,1.5,8.1,fog,52.0,42.1
2014/01/13,0.0,7.1,sun,51.1,50.0
2014/01/14,0.0,1.3,sun,52.0,45.0
2014/01/15,0.0,2.5,sun,52.0,42.1
2014/01/16,0.0,2.7,sun,44.1,39.9
2014/01/17,0.0,2.3,sun,42.1,37.0
2014/01/18,0.0,2.2,sun,48.9,33.1
2014/01/19,0.0,2.5,sun,43.0,37.9
2014/01/20,0.0,2.2,sun,50.0,37.0
2014/01/21,0.0,1.5,sun,50.0,35.1
2014/01/22,0.5,2.6,sun,48.9,42.1
2014/01/23,0.0,5.2,fog,50.0,37.0
2014/01/24,0.0,1.9,sun,55.0,34.0
2014/01/25,0.0,0.8,sun,54.0,34.0
2014/01/26,0.0,1.3,sun,46.9,33.1
2014/01/27,0.0,1.3,sun,48.9,35.1
2014/01/28,8.9,1.6,fog,52.0,43.0
2014/01/29,21.6,3.4,fog,52.0,45.0
2014/01/30,0.0,6.4,sun,46.9,43.0
2014/01/31,2.3,2.6,fog,46.0,42.1
2014/02/01,2.0,0.8,sun,46.0,37.0
2014/02/02,0.0,2.5,sun,48.0,34.0
2014/02/03,0.0,4.3,sun,41.0,32.0
2014/02/04,0.0,4.7,sun,37.0,28.2
2014/02/05,0.0,6.6,sun,31.1,22.1
2014/02/06,0.0,4.5,sun,29.1,21.2
2014/02/07,0.0,4.2,sun,37.9,23.2
2014/02/08,5.1,4.6,fog,42.1,31.1
2014/02/09,0.5,2.4,fog,39.0,32.0
2014/02/10,18.3,4.7,fog,50.0,36.0
2014/02/11,17.0,3.8,fog,54.0,42.1
2014/02/12,4.6,6.4,fog,54.0,45.0
2014/02/13,1.8,6.3,fog,55.0,46.0
2014/02/14,9.4,6.4,fog,53.1,43.0
2014/02/15,11.7,5.1,fog,52.0,41.0
2014/02/16,26.4,7.9,fog,48.9,39.0
2014/02/17,14.5,5.5,fog,46.9,39.9
2014/02/18,15.2,6.2,fog,48.0,41.0
2014/02/19,1.0,6.0,sun,46.9,39.0
2014/02/20,3.0,6.9,fog,50.0,42.1
2014/02/21,2.8,2.9,fog,44.1,39.0
2014/02/22,2.5,3.1,fog,42.1,37.0
2014/02/23,6.1,2.6,fog,45.0,39.0
2014/02/24,13.0,3.2,fog,44.1,37.9
2014/02/25,0.3,4.5,fog,54.0,39.0
2014/02/26,0.0,2.5,sun,57.0,42.1
2014/02/27,0.0,2.3,sun,55.0,39.9
2014/02/28,0.0,5.9,sun,57.9,39.9
2014/03/01,0.5,4.7,sun,45.0,39.9
2014/03/02,19.1,5.7,fog,52.0,37.0
2014/03/03,10.7,5.1,fog,57.9,48.0
2014/03/04,16.5,3.9,fog,57.0,46.0
2014/03/05,46.7,3.9,fog,60.1,51.1
2014/03/06,3.0,6.2,fog,55.9,50.0
2014/03/07,0.0,4.2,sun,60.1,48.0
2014/03/08,32.3,2.7,fog,55.0,44.1
2014/03/09,4.3,4.3,fog,59.0,48.9
2014/03/10,18.8,2.2,fog,54.0,43.0
2014/03/11,0.0,2.3,fog,57.9,39.9
2014/03/12,0.0,1.9,fog,61.0,37.9
2014/03/13,0.5,2.5,fog,57.0,41.0
2014/03/14,6.9,6.1,fog,57.9,46.9
2014/03/15,8.1,3.0,fog,62.1,39.9
2014/03/16,27.7,3.8,fog,51.1,39.9
2014/03/17,0.3,3.2,fog,50.0,37.0
2014/03/18,0.0,1.6,sun,50.0,37.9
2014/03/19,0.5,5.1,sun,52.0,37.9
2014/03/20,0.0,3.0,sun,52.0,35.1
2014/03/21,0.0,3.8,sun,51.1,37.0
2014/03/22,0.0,1.8,sun,52.0,34.0
2014/03/23,0.0,3.3,sun,55.0,39.9
2014/03/24,0.0,2.2,sun,66.0,37.0
2014/03/25,4.1,4.4,fog,57.0,44.1
2014/03/26,3.6,2.4,fog,52.0,42.1
2014/03/27,0.3,2.8,fog,54.0,44.1
2014/03/28,22.1,3.9,fog,53.1,45.0
2014/03/29,14.0,5.1,fog,53.1,45.0
2014/03/30,0.0,5.1,sun,52.0,41.0
2014/03/31,0.0,3.8,sun,60.1,36.0
2014/04/01,0.0,2.8,sun,57.9,44.1
2014/04/02,0.0,4.2,sun,57.9,42.1
2014/04/03,2.5,3.9,sun,55.9,43.0
2014/04/04,0.0,4.7,sun,55.0,43.0
2014/04/05,4.6,4.3,fog,53.1,46.0
2014/04/06,0.0,2.6,sun,57.0,46.9
2014/04/07,0.0,2.5,sun,70.0,48.9
2014/04/08,4.6,4.2,fog,60.1,46.9
2014/04/09,0.0,2.9,sun,57.9,44.1
2014/04/10,0.0,3.6,sun,59.0,44.1
2014/04/11,0.0,2.8,sun,63.0,41.0
2014/04/12,0.0,4.4,sun,61.0,46.0
2014/04/13,0.0,3.1,sun,69.1,42.1
2014/04/14,0.0,2.6,sun,68.0,42.1
2014/04/15,0.5,4.0,sun,57.9,46.0
2014/04/16,10.9,4.6,fog,52.0,48.0
2014/04/17,18.5,4.7,fog,53.1,45.0
2014/04/18,0.0,3.8,sun,57.9,42.1
2014/04/19,13.7,4.7,fog,53.1,42.1
2014/04/20,0.0,2.7,sun,60.1,42.1
2014/04/21,5.1,2.5,fog,63.0,46.0
2014/04/22,14.2,4.2,fog,54.0,41.0
2014/04/23,8.9,5.0,fog,53.1,43.0
2014/04/24,12.4,5.3,fog,57.0,43.0
2014/04/25,0.0,2.3,sun,57.9,42.1
2014/04/26,3.3,3.9,sun,59.0,42.1
2014/04/27,6.9,5.8,fog,52.0,43.0
2014/04/28,0.0,2.6,sun,61.0,39.9
2014/04/29,0.0,2.3,sun,77.0,48.9
2014/04/30,0.0,3.9,sun,82.0,48.9
2014/05/01,0.0,3.0,sun,84.9,52.0
2014/05/02,0.0,4.7,sun,64.9,51.1
2014/05/03,33.3,3.4,fog,59.0,48.0
2014/05/04,16.0,4.2,fog,57.9,48.0
2014/05/05,5.1,3.8,fog,60.1,48.9
2014/05/06,0.0,2.6,sun,62.1,46.9
2014/05/07,0.0,1.7,sun,64.9,45.0
2014/05/08,13.7,3.4,fog,57.0,48.9
2014/05/09,2.0,5.6,sun,55.9,45.0
2014/05/10,0.5,2.1,fog,60.1,45.0
2014/05/11,0.0,1.7,sun,66.0,46.9
2014/05/12,0.0,2.7,sun,75.9,48.9
2014/05/13,0.0,3.8,sun,80.1,55.0
2014/05/14,0.0,3.3,sun,82.0,55.9
2014/05/15,0.0,3.0,sun,80.1,55.0
2014/05/16,0.0,4.1,sun,68.0,53.1
2014/05/17,0.0,3.2,sun,68.0,53.1
2014/05/18,0.0,3.2,sun,68.0,51.1
2014/05/19,0.0,2.2,sun,70.0,50.0
2014/05/20,0.0,2.7,sun,72.0,50.0
2014/05/21,0.0,1.7,sun,68.0,51.1
2014/05/22,0.0,2.5,sun,75.9,53.1
2014/05/23,3.8,4.0,fog,68.0,55.0
2014/05/24,0.0,2.4,sun,64.9,52.0
2014/05/25,5.6,1.4,fog,59.0,51.1
2014/05/26,0.0,4.5,sun,64.9,52.0
2014/05/27,0.0,2.5,sun,68.0,50.0
2014/05/28,0.0,3.4,sun,66.0,50.0
2014/05/29,0.0,4.3,sun,66.0,52.0
2014/05/30,0.0,4.5,sun,69.1,48.0
2014/05/31,0.0,2.2,sun,73.9,50.0
2014/06/01,0.0,2.3,sun,72.0,51.1
2014/06/02,0.0,2.4,sun,73.9,52.0
2014/06/03,0.0,3.2,sun,64.9,52.0
2014/06/04,0.0,2.6,sun,66.9,50.0
2014/06/05,0.0,2.4,sun,72.0,50.0
2014/06/06,0.0,3.2,sun,77.0,51.1
2014/06/07,0.0,3.1,sun,75.9,55.9
2014/06/08,0.0,2.1,sun,73.9,54.0
2014/06/09,0.0,3.6,sun,70.0,55.9
2014/06/10,0.0,2.9,sun,68.0,54.0
2014/06/11,0.0,2.7,sun,75.0,52.0
2014/06/12,1.8,4.0,sun,71.1,54.0
2014/06/13,6.4,5.0,fog,60.1,52.0
2014/06/14,0.0,3.2,sun,64.0,53.1
2014/06/15,0.5,3.6,fog,64.9,50.0
2014/06/16,3.6,2.4,fog,64.0,48.0
2014/06/17,1.3,3.0,fog,64.0,50.0
2014/06/18,0.0,2.7,sun,66.0,52.0
2014/06/19,0.8,3.7,sun,78.1,53.1
2014/06/20,0.3,3.4,sun,68.0,50.0
2014/06/21,0.0,3.6,sun,72.0,51.1
2014/06/22,0.0,2.7,sun,77.0,52.0
2014/06/23,0.0,2.5,sun,77.0,55.9
2014/06/24,0.0,2.5,sun,75.9,57.9
2014/06/25,0.0,2.4,sun,79.0,57.0
2014/06/26,0.0,4.1,sun,70.0,57.9
2014/06/27,1.8,4.5,fog,70.0,57.0
2014/06/28,2.3,4.3,fog,68.0,55.9
2014/06/29,0.0,3.2,sun,69.1,55.0
2014/06/30,0.0,4.4,sun,78.1,55.0
2014/07/01,0.0,3.5,sun,93.9,60.1
2014/07/02,0.0,3.6,sun,81.0,57.9
2014/07/03,0.0,3.1,sun,71.1,57.0
2014/07/04,0.0,3.6,sun,75.0,57.0
2014/07/05,0.0,2.2,fog,75.9,55.9
2014/07/06,0.0,3.0,sun,84.0,59.0
2014/07/07,0.0,4.1,fog,81.0,64.0
2014/07/08,0.0,3.5,sun,86.0,60.1
2014/07/09,0.0,2.3,sun,80.1,57.0
2014/07/10,0.0,2.2,fog,84.0,55.0
2014/07/11,0.0,2.2,sun,88.0,59.0
2014/07/12,0.0,2.2,sun,90.0,62.1
2014/07/13,0.0,2.6,rain,84.9,59.0
2014/07/14,0.0,2.8,sun,82.0,59.0
2014/07/15,0.0,2.3,sun,88.0,57.0
2014/07/16,0.0,2.4,sun,88.0,57.9
2014/07/17,0.0,3.7,sun,80.1,57.0
2014/07/18,0.0,2.8,sun,75.0,53.1
2014/07/19,0.0,5.4,fog,78.1,59.0
2014/07/20,0.0,2.8,sun,66.9,57.9
2014/07/21,0.0,2.2,sun,75.0,55.9
2014/07/22,0.3,1.1,fog,70.0,55.9
2014/07/23,19.3,3.3,sun,66.0,55.9
2014/07/24,0.0,4.7,sun,69.1,55.0
2014/07/25,0.0,2.7,sun,73.0,54.0
2014/07/26,0.0,3.6,sun,79.0,55.9
2014/07/27,0.0,4.1,sun,82.9,59.0
2014/07/28,0.0,3.7,sun,87.1,59.0
2014/07/29,0.0,2.8,sun,86.0,60.1
2014/07/30,0.0,3.4,sun,84.9,57.9
2014/07/31,0.0,4.1,sun,87.1,64.0
2014/08/01,0.0,3.3,sun,84.0,59.0
2014/08/02,0.5,1.7,sun,84.9,60.1
2014/08/03,0.0,2.6,sun,89.1,57.9
2014/08/04,0.0,2.6,sun,91.0,61.0
2014/08/05,0.0,2.7,sun,77.0,57.0
2014/08/06,0.0,2.2,fog,79.0,59.0
2014/08/07,0.0,2.4,fog,78.1,55.9
2014/08/08,0.0,2.9,sun,78.1,55.9
2014/08/09,0.0,4.1,sun,81.0,60.1
2014/08/10,0.0,3.4,sun,87.1,57.0
2014/08/11,0.5,2.6,rain,96.1,64.0
2014/08/12,12.7,3.1,fog,81.0,63.0
2014/08/13,21.6,2.7,fog,73.9,59.0
2014/08/14,0.0,0.6,sun,70.0,63.0
2014/08/15,1.0,1.5,fog,75.9,62.1
2014/08/16,0.0,2.2,sun,78.1,60.1
2014/08/17,0.0,2.8,sun,82.0,59.0
2014/08/18,0.0,3.3,sun,84.9,60.1
2014/08/19,0.0,2.4,sun,81.0,60.1
2014/08/20,0.0,3.6,sun,71.1,57.0
2014/08/21,0.0,1.7,sun,70.0,52.0
2014/08/22,0.0,2.9,sun,75.0,55.9
2014/08/23,0.0,2.0,sun,82.0,57.0
2014/08/24,0.0,2.3,sun,77.0,55.9
2014/08/25,0.0,2.0,sun,84.0,57.9
2014/08/26,0.0,1.8,sun,88.0,60.1
2014/08/27,0.0,1.6,sun,84.0,61.0
2014/08/28,0.0,2.3,sun,73.9,57.9
2014/08/29,0.0,3.4,sun,73.0,59.0
2014/08/30,8.4,2.2,fog,64.0,59.0
2014/08/31,1.3,1.9,fog,70.0,57.0
2014/09/01,0.0,2.5,sun,73.9,55.0
2014/09/02,3.0,4.3,fog,68.0,57.0
2014/09/03,0.0,2.7,sun,69.1,55.0
2014/09/04,0.0,3.1,fog,75.0,52.0
2014/09/05,0.0,6.5,fog,82.0,57.0
2014/09/06,0.0,2.9,sun,90.0,59.0
2014/09/07,0.0,2.1,sun,82.9,55.9
2014/09/08,0.0,2.8,sun,70.0,55.9
2014/09/09,0.0,2.3,sun,71.1,55.9
2014/09/10,0.0,3.9,sun,72.0,54.0
2014/09/11,0.0,5.3,sun,75.9,55.0
2014/09/12,0.0,5.9,sun,75.9,55.0
2014/09/13,0.0,4.2,sun,82.9,50.0
2014/09/14,0.0,1.8,sun,86.0,53.1
2014/09/15,0.0,1.2,sun,87.1,54.0
2014/09/16,0.0,2.8,sun,72.0,57.0
2014/09/17,0.5,2.3,sun,73.0,57.9
2014/09/18,0.3,3.1,fog,66.9,59.0
2014/09/19,0.0,2.8,sun,75.0,61.0
2014/09/20,0.0,4.4,fog,75.9,57.9
2014/09/21,0.0,3.0,sun,79.0,55.0
2014/09/22,0.3,2.1,fog,72.0,59.0
2014/09/23,18.3,2.5,fog,66.0,57.9
2014/09/24,20.3,2.7,fog,66.0,57.9
2014/09/25,4.3,2.5,fog,71.1,57.9
2014/09/26,8.9,3.3,fog,68.0,57.0
2014/09/27,0.0,3.2,fog,69.1,53.1
2014/09/28,0.0,2.0,fog,66.0,54.0
2014/09/29,0.8,3.5,fog,62.1,52.0
2014/09/30,0.0,2.6,sun,66.9,54.0
2014/10/01,0.0,2.1,sun,64.9,52.0
2014/10/02,0.0,2.0,sun,66.9,50.0
2014/10/03,0.0,1.0,sun,72.0,48.0
2014/10/04,0.0,1.2,sun,71.1,54.0
2014/10/05,0.0,1.4,fog,75.0,53.1
2014/10/06,0.0,2.5,fog,78.1,55.9
2014/10/07,0.0,1.0,fog,66.0,57.0
2014/10/08,0.0,1.8,fog,69.1,55.0
2014/10/09,0.0,1.0,fog,63.0,52.0
2014/10/10,0.3,3.8,fog,64.9,50.0
2014/10/11,7.4,3.5,rain,64.9,53.1
2014/10/12,0.0,2.1,sun,64.0,53.1
2014/10/13,7.6,3.1,fog,70.0,50.0
2014/10/14,7.1,2.2,fog,62.1,53.1
2014/10/15,8.6,4.7,fog,61.0,53.1
2014/10/16,0.0,3.3,sun,69.1,52.0
2014/10/17,3.3,3.0,fog,62.1,53.1
2014/10/18,15.0,1.9,fog,66.9,57.0
2014/10/19,0.0,3.2,sun,72.0,55.0
2014/10/20,11.7,3.1,fog,61.0,54.0
2014/10/21,1.0,4.7,sun,61.0,53.1
2014/10/22,32.0,5.0,fog,60.1,53.1
2014/10/23,9.4,4.6,sun,57.9,46.9
2014/10/24,4.1,3.2,sun,57.9,48.0
2014/10/25,6.1,5.4,fog,62.1,46.9
2014/10/26,1.5,5.0,fog,55.0,46.0
2014/10/27,0.8,2.4,sun,60.1,44.1
2014/10/28,12.7,3.9,fog,59.0,48.9
2014/10/29,0.5,3.1,fog,62.1,53.1
2014/10/30,25.4,3.2,fog,60.1,52.0
2014/10/31,17.0,2.0,fog,55.0,46.9
2014/11/01,0.0,1.2,fog,52.0,45.0
2014/11/02,1.8,2.9,fog,55.9,45.0
2014/11/03,10.9,4.8,fog,57.0,52.0
2014/11/04,4.1,3.3,fog,57.9,51.1
2014/11/05,4.8,2.1,fog,59.0,51.1
2014/11/06,4.1,6.7,fog,62.1,51.1
2014/11/07,0.0,2.3,sun,57.9,45.0
2014/11/08,0.0,0.8,fog,55.0,39.0
2014/11/09,5.1,3.0,fog,55.9,46.0
2014/11/10,0.0,3.9,sun,52.0,42.1
2014/11/11,0.0,7.7,sun,46.0,34.0
2014/11/12,0.0,7.6,sun,44.1,32.0
2014/11/13,0.0,4.7,sun,45.0,33.1
2014/11/14,0.0,4.5,sun,45.0,28.2
2014/11/15,0.0,4.2,sun,46.9,29.1
2014/11/16,0.0,4.2,sun,48.9,28.2
2014/11/17,0.0,1.9,sun,51.1,28.2
2014/11/18,0.0,0.9,sun,45.0,31.1
2014/11/19,0.0,1.9,sun,52.0,36.0
2014/11/20,3.6,2.1,fog,52.0,42.1
2014/11/21,15.2,4.7,fog,52.0,46.9
2014/11/22,0.5,4.7,sun,48.9,44.1
2014/11/23,11.9,5.1,fog,55.0,42.1
2014/11/24,1.3,3.8,fog,53.1,39.9
2014/11/25,18.3,4.5,fog,57.0,48.9
2014/11/26,0.3,3.9,sun,59.0,54.0
2014/11/27,3.3,6.6,fog,57.9,53.1
2014/11/28,34.3,5.8,fog,55.0,37.9
2014/11/29,3.6,5.3,fog,39.9,24.3
2014/11/30,0.0,4.4,sun,37.0,23.2
2014/12/01,0.0,2.2,sun,39.9,26.2
2014/12/02,0.0,5.7,fog,42.1,26.2
2014/12/03,0.0,3.6,sun,50.0,32.0
2014/12/04,0.8,1.1,fog,46.9,39.0
2014/12/05,3.0,3.1,fog,55.0,44.1
2014/12/06,7.4,3.6,fog,53.1,46.0
2014/12/07,0.0,2.8,sun,57.9,43.0
2014/12/08,9.1,4.2,fog,57.9,48.0
2014/12/09,9.9,5.1,fog,61.0,51.1
2014/12/10,13.0,6.7,fog,66.0,50.0
2014/12/11,6.9,6.4,fog,57.9,46.9
2014/12/12,0.0,3.7,sun,52.0,45.0
2014/12/13,0.0,1.1,fog,50.0,39.0
2014/12/14,0.0,3.5,fog,55.0,35.1
2014/12/15,0.0,5.9,sun,54.0,44.1
2014/12/16,0.0,4.0,sun,50.0,46.9
2014/12/17,2.8,1.6,fog,48.0,43.0
2014/12/18,13.0,3.1,fog,48.9,44.1
2014/12/19,3.0,4.3,sun,52.0,45.0
2014/12/20,19.6,5.5,fog,55.0,44.1
2014/12/21,0.0,5.2,sun,55.0,50.0
2014/12/22,0.0,1.5,sun,51.1,43.0
2014/12/23,20.6,3.8,fog,54.0,41.0
2014/12/24,5.3,1.8,fog,45.0,39.0
2014/12/25,0.0,2.2,fog,46.0,37.0
2014/12/26,0.0,1.2,fog,42.1,35.1
2014/12/27,3.3,4.9,fog,48.9,39.9
2014/12/28,4.1,1.8,fog,44.1,37.0
2014/12/29,0.0,4.3,fog,43.0,33.1
2014/12/30,0.0,3.6,sun,37.9,28.2
2014/12/31,0.0,3.0,sun,37.9,27.1
2015/01/01,0.0,1.2,sun,42.1,26.2
2015/01/02,1.5,2.3,fog,42.1,32.0
2015/01/03,0.0,1.7,fog,41.0,35.1
2015/01/04,10.2,4.5,fog,51.1,37.9
2015/01/05,8.1,6.4,fog,54.0,48.9
2015/01/06,0.0,1.3,fog,54.0,43.0
2015/01/07,0.0,1.6,fog,46.0,42.1
2015/01/08,0.0,2.6,fog,46.0,35.1
2015/01/09,0.3,0.6,fog,50.0,37.9
2015/01/10,5.8,0.5,fog,46.0,43.0
2015/01/11,1.5,1.1,fog,48.9,45.0
2015/01/12,0.0,1.6,fog,52.0,39.9
2015/01/13,0.0,2.7,fog,48.9,37.0
2015/01/14,0.0,2.8,fog,43.0,33.1
2015/01/15,9.7,3.2,fog,46.0,34.0
2015/01/16,0.0,4.5,fog,53.1,42.1
2015/01/17,26.2,2.8,fog,55.9,37.9
2015/01/18,21.3,6.6,rain,57.0,45.0
2015/01/19,0.5,2.8,sun,50.0,43.0
2015/01/20,0.0,3.0,fog,50.0,37.9
2015/01/21,0.0,1.3,fog,45.0,31.1
2015/01/22,0.8,1.3,fog,48.9,43.0
2015/01/23,5.8,2.6,fog,54.0,46.9
2015/01/24,0.5,3.3,fog,57.9,52.0
2015/01/25,0.0,1.4,fog,63.0,45.0
2015/01/26,0.0,2.2,fog,61.0,43.0
2015/01/27,0.8,2.0,fog,52.0,46.9
2015/01/28,0.0,1.8,fog,54.0,41.0
2015/01/29,0.0,2.9,sun,54.0,37.9
2015/01/30,0.0,0.8,fog,46.9,34.0
2015/01/31,0.0,1.9,fog,45.0,37.9
2015/02/01,1.5,2.6,fog,48.9,39.9
2015/02/02,7.4,4.0,fog,52.0,41.0
2015/02/03,1.3,1.9,fog,50.0,42.1
2015/02/04,8.4,1.7,fog,51.1,39.9
2015/02/05,26.2,4.6,fog,55.9,46.9
2015/02/06,17.3,4.5,fog,57.9,50.0
2015/02/07,23.6,4.6,fog,54.0,48.9
2015/02/08,3.6,3.9,fog,59.0,46.9
2015/02/09,6.1,2.5,fog,55.9,46.9
2015/02/10,0.3,4.0,fog,55.0,46.9
2015/02/11,0.0,1.0,fog,55.0,42.1
2015/02/12,1.0,2.1,sun,62.1,48.9
2015/02/13,0.0,1.7,fog,60.1,44.1
2015/02/14,0.3,2.9,fog,57.9,44.1
2015/02/15,0.0,4.8,sun,54.0,39.0
2015/02/16,0.0,6.6,fog,59.0,42.1
2015/02/17,0.0,4.0,sun,61.0,39.9
2015/02/18,0.0,2.6,sun,54.0,39.9
2015/02/19,4.6,2.2,fog,51.1,46.9
2015/02/20,0.8,0.9,fog,52.0,45.0
2015/02/21,0.0,4.5,sun,54.0,42.1
2015/02/22,0.0,4.2,sun,53.1,37.9
2015/02/23,0.0,1.4,sun,55.0,33.1
2015/02/24,0.0,1.5,sun,52.0,36.0
2015/02/25,4.1,1.0,fog,50.0,44.1
2015/02/26,9.4,1.4,fog,53.1,46.0
2015/02/27,18.3,4.0,fog,50.0,44.1
2015/02/28,0.0,5.1,sun,54.0,37.9
2015/03/01,0.0,2.2,sun,52.0,34.0
2015/03/02,0.0,4.8,sun,52.0,39.9
2015/03/03,0.0,2.1,sun,51.1,32.0
2015/03/04,0.0,1.8,sun,55.0,31.1
2015/03/05,0.0,1.3,sun,55.9,37.0
2015/03/06,0.0,1.4,sun,59.0,37.9
2015/03/07,0.0,2.7,fog,62.1,39.0
2015/03/08,0.0,1.7,fog,63.0,39.0
2015/03/09,0.0,1.8,fog,57.9,39.9
2015/03/10,0.8,2.6,fog,55.9,41.0
2015/03/11,2.5,3.1,fog,57.9,48.0
2015/03/12,0.0,3.2,sun,64.0,48.9
2015/03/13,2.0,2.2,sun,63.0,46.0
2015/03/14,17.0,3.8,fog,57.0,48.9
2015/03/15,55.9,4.2,fog,51.1,43.0
2015/03/16,1.0,3.0,fog,57.0,43.0
2015/03/17,0.8,2.6,sun,55.9,39.9
2015/03/18,0.0,2.5,sun,60.1,45.0
2015/03/19,0.0,1.9,sun,60.1,46.9
2015/03/20,4.1,1.9,sun,57.0,48.0
2015/03/21,3.8,4.7,fog,55.9,46.9
2015/03/22,1.0,2.3,sun,53.1,43.0
2015/03/23,8.1,2.8,fog,52.0,42.1
2015/03/24,7.6,3.9,fog,55.0,43.0
2015/03/25,5.1,4.4,fog,57.9,45.0
2015/03/26,0.0,2.2,sun,69.1,50.0
2015/03/27,1.0,4.0,fog,64.9,48.0
2015/03/28,0.0,5.7,sun,60.1,48.9
2015/03/29,0.0,3.0,sun,60.1,48.0
2015/03/30,1.8,2.9,fog,64.0,51.1
2015/03/31,1.0,4.2,fog,55.0,43.0
2015/04/01,5.1,3.2,rain,55.0,42.1
2015/04/02,0.0,2.4,sun,55.9,42.1
2015/04/03,1.5,3.6,fog,52.0,41.0
2015/04/04,0.0,1.7,sun,55.0,39.0
2015/04/05,0.0,2.4,sun,62.1,37.0
2015/04/06,1.0,3.5,sun,57.0,44.1
2015/04/07,0.5,3.9,sun,57.9,44.1
2015/04/08,0.0,1.7,sun,63.0,43.0
2015/04/09,0.0,2.3,sun,63.0,43.0
2015/04/10,10.9,4.6,fog,57.0,46.0
2015/04/11,0.0,6.5,sun,53.1,42.1
2015/04/12,0.0,3.6,sun,55.9,42.1
2015/04/13,14.0,3.6,fog,53.1,39.0
2015/04/14,3.3,3.3,sun,53.1,37.0
2015/04/15,0.0,2.4,sun,57.0,37.9
2015/04/16,0.0,3.1,sun,64.0,39.0
2015/04/17,0.0,3.6,sun,66.0,43.0
2015/04/18,0.0,3.9,sun,66.0,46.9
2015/04/19,0.0,3.6,sun,70.0,46.9
2015/04/20,0.0,2.6,sun,73.0,46.0
2015/04/21,5.6,3.4,fog,63.0,44.1
2015/04/22,0.0,2.3,sun,60.1,41.0
2015/04/23,3.0,4.1,fog,54.0,44.1
2015/04/24,3.3,5.0,fog,54.0,43.0
2015/04/25,1.3,3.0,fog,55.9,42.1
2015/04/26,0.0,2.7,fog,60.1,39.9
2015/04/27,0.3,2.3,fog,77.0,51.1
2015/04/28,1.8,4.3,fog,60.1,48.0
2015/04/29,0.0,4.7,sun,61.0,45.0
2015/04/30,0.0,2.1,sun,63.0,46.0
2015/05/01,0.0,3.7,sun,64.9,48.0
2015/05/02,0.0,3.7,sun,64.9,46.0
2015/05/03,0.0,2.6,sun,69.1,46.0
2015/05/04,0.0,5.2,sun,63.0,45.0
2015/05/05,6.1,5.1,fog,57.9,45.0
2015/05/06,0.0,2.6,fog,62.1,45.0
2015/05/07,0.0,3.0,sun,69.1,43.0
2015/05/08,0.0,3.0,sun,75.0,46.9
2015/05/09,0.0,2.6,sun,80.1,48.9
2015/05/10,0.0,2.8,sun,66.9,52.0
2015/05/11,0.0,2.5,fog,57.0,50.0
2015/05/12,4.3,3.3,fog,60.1,51.1
2015/05/13,4.1,2.8,fog,54.0,50.0
2015/05/14,0.3,2.0,fog,64.0,48.9
2015/05/15,0.0,2.8,fog,68.0,48.9
2015/05/16,0.0,3.0,sun,60.1,52.0
2015/05/17,0.0,2.1,sun,66.9,51.1
2015/05/18,0.0,3.0,sun,78.1,54.0
2015/05/19,0.0,2.6,sun,71.1,53.1
2015/05/20,0.0,1.8,fog,73.9,51.1
2015/05/21,0.0,2.1,sun,78.1,53.1
2015/05/22,0.0,3.7,sun,62.1,53.1
2015/05/23,0.0,2.6,sun,61.0,53.1
2015/05/24,0.0,2.7,sun,64.0,52.0
2015/05/25,0.0,2.7,sun,60.1,52.0
2015/05/26,0.0,2.1,sun,71.1,53.1
2015/05/27,0.0,1.8,sun,75.9,53.1
2015/05/28,0.0,2.1,sun,82.0,54.0
2015/05/29,0.0,2.5,sun,79.0,55.0
2015/05/30,0.0,2.5,sun,73.0,50.0
2015/05/31,0.0,2.2,sun,77.0,53.1
2015/06/01,4.6,3.4,fog,61.0,53.1
2015/06/02,0.5,5.0,sun,64.0,55.0
2015/06/03,0.0,3.0,sun,68.0,53.1
2015/06/04,0.0,3.9,sun,73.0,53.1
2015/06/05,0.0,4.3,sun,80.1,55.0
2015/06/06,0.0,2.6,sun,84.9,55.9
2015/06/07,0.0,3.2,sun,88.0,60.1
2015/06/08,0.0,3.5,sun,87.1,57.9
2015/06/09,0.0,2.7,sun,84.0,57.9
2015/06/10,0.0,3.0,sun,78.1,52.0
2015/06/11,0.0,3.5,sun,75.9,52.0
2015/06/12,0.0,2.3,sun,68.0,53.1
2015/06/13,0.0,2.6,sun,75.0,48.9
2015/06/14,0.0,3.7,sun,82.0,53.1
2015/06/15,0.0,3.5,drizzle,86.0,61.0
2015/06/16,0.0,3.0,sun,73.0,52.0
2015/06/17,0.0,3.1,sun,77.0,52.0
2015/06/18,0.0,3.0,sun,75.9,57.0
2015/06/19,0.5,3.2,fog,75.0,55.9
2015/06/20,0.0,4.3,sun,77.0,55.0
2015/06/21,0.0,3.4,sun,78.1,57.0
2015/06/22,0.0,2.4,sun,77.0,55.0
2015/06/23,0.0,2.4,sun,79.0,53.1
2015/06/24,0.0,2.6,sun,78.1,61.0
2015/06/25,0.0,3.0,sun,87.1,60.1
2015/06/26,0.0,4.7,sun,89.1,64.0
2015/06/27,0.0,3.9,sun,91.9,63.0
2015/06/28,0.3,2.1,sun,82.9,64.9
2015/06/29,0.0,2.7,sun,84.0,63.0
2015/06/30,0.0,3.4,fog,87.1,59.0
2015/07/01,0.0,4.3,sun,90.0,63.0
2015/07/02,0.0,3.4,sun,93.0,64.0
2015/07/03,0.0,2.6,sun,91.9,64.0
2015/07/04,0.0,2.9,sun,91.9,59.0
2015/07/05,0.0,2.1,sun,91.0,62.1
2015/07/06,0.0,3.2,drizzle,84.9,60.1
2015/07/07,0.0,2.4,sun,81.0,57.0
2015/07/08,0.0,1.9,drizzle,86.0,57.9
2015/07/09,0.0,3.4,sun,84.0,57.9
2015/07/10,0.0,3.7,sun,70.0,62.1
2015/07/11,0.0,3.0,sun,72.0,62.1
2015/07/12,0.0,2.2,sun,79.0,62.1
2015/07/13,0.0,3.1,sun,78.1,61.0
2015/07/14,0.0,3.3,sun,82.0,61.0
2015/07/15,0.0,3.2,sun,79.0,57.9
2015/07/16,0.0,2.8,sun,79.0,59.0
2015/07/17,0.0,3.3,sun,82.0,57.0
2015/07/18,0.0,3.4,sun,91.9,64.0
2015/07/19,0.0,3.3,sun,95.0,63.0
2015/07/20,0.0,3.9,sun,80.1,62.1
2015/07/21,0.0,2.4,sun,75.0,59.0
2015/07/22,0.0,2.8,sun,75.0,57.0
2015/07/23,0.0,1.9,sun,79.0,57.9
2015/07/24,0.3,3.8,fog,73.0,55.9
2015/07/25,0.0,2.4,fog,70.0,57.9
2015/07/26,2.0,2.6,fog,72.0,57.0
2015/07/27,0.0,1.9,fog,73.9,54.0
2015/07/28,0.0,3.4,sun,82.0,57.0
2015/07/29,0.0,3.8,sun,90.0,57.9
2015/07/30,0.0,3.5,sun,93.9,63.0
2015/07/31,0.0,2.6,sun,93.9,64.0
2015/08/01,0.0,3.1,sun,91.9,60.1
2015/08/02,0.0,2.0,sun,87.1,61.0
2015/08/03,0.0,2.3,sun,82.9,63.0
2015/08/04,0.0,2.6,fog,79.0,57.9
2015/08/05,0.0,3.5,sun,73.9,54.0
2015/08/06,0.0,2.9,sun,77.0,59.0
2015/08/07,0.0,3.7,sun,82.9,60.1
2015/08/08,0.0,3.6,fog,77.0,60.1
2015/08/09,0.0,2.2,sun,82.9,59.0
2015/08/10,0.0,2.4,sun,84.0,61.0
2015/08/11,0.0,4.4,sun,86.0,62.1
2015/08/12,7.6,2.7,rain,82.9,62.1
2015/08/13,0.0,2.2,sun,82.9,60.1
2015/08/14,30.5,5.2,rain,64.9,59.0
2015/08/15,0.0,3.7,sun,71.1,57.0
2015/08/16,0.0,3.7,sun,77.0,57.9
2015/08/17,0.0,3.0,sun,81.0,57.0
2015/08/18,0.0,3.0,sun,86.0,59.0
2015/08/19,0.0,2.1,drizzle,89.1,61.0
2015/08/20,2.0,4.2,fog,73.0,57.9
2015/08/21,0.0,2.6,sun,72.0,57.9
2015/08/22,0.0,2.5,drizzle,80.1,54.0
2015/08/23,0.0,1.8,drizzle,82.0,57.0
2015/08/24,0.0,2.3,sun,75.0,54.0
2015/08/25,0.0,3.4,sun,78.1,54.0
2015/08/26,0.0,1.7,sun,82.9,57.0
2015/08/27,0.0,2.1,sun,84.9,57.9
2015/08/28,0.5,2.6,fog,73.9,60.1
2015/08/29,32.5,5.8,fog,72.0,55.9
2015/08/30,10.2,4.7,fog,68.0,55.0
2015/08/31,0.0,5.8,sun,66.0,61.0
2015/09/01,5.8,5.0,fog,66.9,57.0
2015/09/02,0.0,3.8,sun,66.9,52.0
2015/09/03,0.0,2.9,sun,64.9,51.1
2015/09/04,0.0,2.9,sun,64.9,50.0
2015/09/05,0.3,3.5,sun,69.1,48.0
2015/09/06,5.3,2.4,fog,61.0,53.1
2015/09/07,0.3,1.5,fog,70.0,55.9
2015/09/08,0.0,2.4,sun,73.0,55.9
2015/09/09,0.0,3.3,sun,75.9,57.0
2015/09/10,0.0,3.6,fog,77.0,57.9
2015/09/11,0.0,3.1,sun,81.0,59.0
2015/09/12,0.0,2.1,sun,80.1,57.9
2015/09/13,0.5,3.0,fog,69.1,55.0
2015/09/14,0.0,3.4,sun,62.1,51.1
2015/09/15,0.0,2.8,sun,64.0,50.0
2015/09/16,1.0,1.9,sun,68.0,50.0
2015/09/17,1.8,3.8,fog,64.9,55.0
2015/09/18,0.0,2.6,sun,66.9,55.0
2015/09/19,0.0,4.3,sun,70.0,57.9
2015/09/20,4.1,6.8,fog,73.0,54.0
2015/09/21,0.0,2.7,fog,64.9,48.9
2015/09/22,0.0,2.0,sun,66.0,46.0
2015/09/23,0.0,1.8,sun,69.1,46.9
2015/09/24,0.0,2.5,fog,72.0,52.0
2015/09/25,2.0,2.6,fog,60.1,55.0
2015/09/26,0.0,2.7,sun,64.9,50.0
2015/09/27,0.0,3.8,sun,64.0,45.0
2015/09/28,0.0,5.1,sun,70.0,48.9
2015/09/29,0.0,1.9,sun,71.1,48.0
2015/09/30,0.0,1.3,fog,64.9,50.0
2015/10/01,0.0,1.3,fog,70.0,48.9
2015/10/02,0.0,2.9,fog,60.1,50.0
2015/10/03,0.0,4.8,sun,66.9,52.0
2015/10/04,0.0,3.7,sun,73.0,50.0
2015/10/05,0.0,1.6,sun,73.9,48.9
2015/10/06,0.0,2.6,drizzle,64.9,50.0
2015/10/07,9.9,2.2,fog,61.0,57.0
2015/10/08,0.0,1.1,fog,66.0,55.9
2015/10/09,0.3,2.6,fog,66.9,54.0
2015/10/10,28.7,4.7,fog,70.0,55.9
2015/10/11,0.0,2.6,sun,64.0,51.1
2015/10/12,4.6,2.8,fog,64.9,51.1
2015/10/13,1.3,3.2,fog,62.1,48.9
2015/10/14,0.0,5.0,fog,59.0,50.0
2015/10/15,0.0,3.4,fog,70.0,48.9
2015/10/16,0.0,1.3,sun,68.0,48.0
2015/10/17,0.3,1.3,fog,66.9,53.1
2015/10/18,3.8,2.0,fog,59.0,55.0
2015/10/19,0.3,2.6,fog,63.0,54.0
2015/10/20,0.0,1.8,fog,64.0,51.1
2015/10/21,0.0,1.3,fog,61.0,46.9
2015/10/22,0.0,2.7,fog,61.0,48.0
2015/10/23,0.0,2.6,fog,55.0,45.0
2015/10/24,0.0,2.9,fog,59.0,48.0
2015/10/25,8.9,3.4,rain,66.9,48.0
2015/10/26,6.9,4.6,fog,54.0,50.0
2015/10/27,0.0,1.7,fog,61.0,46.0
2015/10/28,3.3,2.8,fog,57.0,52.0
2015/10/29,1.8,4.7,fog,59.0,54.0
2015/10/30,19.3,6.7,fog,63.0,53.1
2015/10/31,33.0,7.2,fog,60.1,53.1
2015/11/01,26.2,6.0,fog,54.0,48.0
2015/11/02,0.3,2.8,fog,52.0,45.0
2015/11/03,0.8,1.4,fog,51.1,41.0
2015/11/04,0.0,2.2,sun,50.0,37.9
2015/11/05,1.3,2.3,fog,53.1,46.0
2015/11/06,0.0,2.7,fog,60.1,46.9
2015/11/07,12.7,3.0,fog,54.0,48.9
2015/11/08,6.6,1.8,fog,52.0,46.0
2015/11/09,3.3,1.3,fog,50.0,41.0
2015/11/10,1.3,3.9,fog,52.0,39.0
2015/11/11,1.5,4.6,sun,52.0,43.0
2015/11/12,9.9,5.1,fog,52.0,41.0
2015/11/13,33.5,6.5,fog,55.9,48.9
2015/11/14,47.2,4.5,fog,48.9,43.0
2015/11/15,22.4,4.1,fog,48.0,36.0
2015/11/16,2.0,4.0,fog,48.0,35.1
2015/11/17,29.5,8.0,fog,55.9,44.1
2015/11/18,1.5,3.8,sun,48.0,37.9
2015/11/19,2.0,4.2,sun,48.0,37.0
2015/11/20,0.0,4.0,fog,46.9,33.1
2015/11/21,0.0,4.7,sun,48.0,33.1
2015/11/22,0.0,3.1,fog,50.0,35.1
2015/11/23,3.0,1.3,fog,44.1,32.0
2015/11/24,7.1,4.5,fog,44.1,37.0
2015/11/25,0.0,5.7,sun,45.0,32.0
2015/11/26,0.0,4.3,sun,48.9,30.2
2015/11/27,0.0,3.0,sun,48.9,29.1
2015/11/28,0.0,1.0,sun,45.0,27.1
2015/11/29,0.0,0.9,fog,35.1,28.2
2015/11/30,0.5,1.7,fog,42.1,25.2
2015/12/01,12.2,3.5,fog,50.0,39.0
2015/12/02,2.5,5.0,fog,51.1,39.9
2015/12/03,12.7,5.9,fog,60.1,46.0
2015/12/04,2.0,4.7,fog,51.1,43.0
2015/12/05,15.7,4.0,fog,50.0,43.0
2015/12/06,11.2,5.9,fog,55.0,45.0
2015/12/07,27.4,3.4,fog,52.0,46.9
2015/12/08,54.1,6.2,fog,60.1,50.0
2015/12/09,13.5,6.3,fog,54.0,46.0
2015/12/10,9.4,7.5,fog,53.1,43.0
2015/12/11,0.3,2.8,sun,48.9,39.9
2015/12/12,16.0,5.6,fog,48.0,42.1
2015/12/13,1.3,6.1,sun,46.0,43.0
2015/12/14,0.0,1.7,sun,46.0,35.1
2015/12/15,1.5,2.9,fog,44.1,34.0
2015/12/16,3.6,2.3,fog,43.0,37.0
2015/12/17,21.8,6.0,fog,44.1,39.0
2015/12/18,18.5,5.1,fog,48.0,39.9
2015/12/19,0.0,4.1,fog,46.9,37.0
2015/12/20,4.3,6.7,fog,46.0,39.9
2015/12/21,27.4,4.3,fog,42.1,37.0
2015/12/22,4.6,5.0,fog,46.0,37.0
2015/12/23,6.1,7.6,fog,41.0,37.0
2015/12/24,2.5,4.3,fog,42.1,36.0
2015/12/25,5.8,1.5,fog,41.0,36.0
2015/12/26,0.0,2.5,sun,39.9,32.0
2015/12/27,8.6,2.9,fog,39.9,35.1
2015/12/28,1.5,1.3,fog,41.0,35.1
2015/12/29,0.0,2.6,fog,45.0,33.1
2015/12/30,0.0,3.4,sun,42.1,30.2
2015/12/31,0.0,3.5,sun,42.1,28.2
